2317620,boccajo01,John,Boccabella,1B,1973,1970,R,R,32,74,26,13,0,94,7,46,1,3,57,403,430,8,25,11850582,lucased01,Ed,Lucas,1B,2013,2010,R,R,31,71,26,14,1,90,4,28,2,1,78,351,379,1,43,1767128,russeri01,Rip,Russell,1B,1942,1940,R,R,27,56,17,9,0,73,8,41,0,0,21,302,319,0,32,01269698,ackledu01,Dustin,Ackley,1B,2012,2010,L,R,24,101,59,22,2,137,12,50,0,1,124,607,666,7,84,13726440,perkibr01,Broderick,Perkins,1B,1982,1980,L,L,28,78,26,10,4,94,2,34,3,2,20,347,376,10,32,21818488,cabelen01,Enos,Cabell,1B,1979,1970,R,R,30,123,21,30,5,164,6,67,3,1,68,603,627,7,60,372739948,philldi01,Dick,Phillips,1B,1963,1960,L,R,32,58,29,8,0,76,10,32,2,5,35,321,352,0,33,12297092,kuheljo01,Joe,Kuhel,1B,1935,1930,L,L,29,129,78,25,9,165,2,74,4,0,44,633,715,0,99,51819346,mccarjo03,Johnny,McCarthy,1B,1938,1930,L,L,28,103,39,13,4,128,8,59,1,0,28,470,510,0,55,3796260,jeffere01,Reggie,Jefferson,1B,1993,1990,B,L,25,68,28,11,2,91,10,34,5,1,78,366,399,7,35,11252134,kryhodi01,Dick,Kryhoski,1B,1952,1950,L,L,27,58,23,13,1,83,11,42,3,0,42,342,368,0,38,21242490,jordari02,Ricky,Jordan,1B,1989,1980,R,R,24,112,23,22,3,149,12,75,5,8,62,523,551,5,63,42339282,dahlgba01,Babe,Dahlgren,1B,1939,1930,R,R,27,86,57,18,6,125,15,89,2,0,54,531,590,0,71,22696388,murphda08,Daniel,Murphy,1B,2013,2010,L,R,28,133,32,38,4,188,13,78,2,5,95,658,692,2,92,23756216,muserto01,Tony,Muser,1B,1973,1970,L,L,26,67,33,14,3,88,4,30,0,2,36,309,342,0,38,83251778,amarari01,Rich,Amaral,1B,1996,1990,R,R,34,76,47,11,3,91,1,29,5,1,55,312,364,0,69,251264712,agganha01,Harry,Agganis,1B,1954,1950,L,L,25,77,47,13,8,109,11,57,0,5,57,434,481,0,54,61890206,arftha01,Hank,Arft,1B,1951,1950,L,L,29,62,41,16,5,90,7,42,0,0,34,345,386,0,44,42751468,burnsge02,George,Burns,1B,1922,1920,R,R,29,122,20,32,5,171,12,73,9,0,28,558,587,0,71,82736028,larkeno01,Norm,Larker,1B,1960,1960,L,L,30,108,36,26,3,142,5,78,1,9,24,440,477,2,56,13738836,balbost01,Steve,Balboni,1B,1988,1980,R,R,31,56,24,17,1,97,23,66,1,2,87,413,438,2,46,06904708,coninje01,Jeff,Conine,1B,2004,2000,R,R,38,96,48,35,1,146,14,83,2,6,78,521,571,3,55,54268464,ettenni01,Nick,Etten,1B,1943,1940,L,L,30,104,76,35,5,158,14,107,0,0,31,583,659,0,78,33721238,mattido01,Don,Mattingly,1B,1988,1980,L,L,27,131,41,37,0,186,18,88,3,8,29,599,643,14,94,14286004,sislege01,George,Sisler,1B,1925,1920,L,L,32,176,27,21,15,224,12,105,0,0,24,649,676,0,100,113216030,nortogr01,Greg,Norton,1B,1999,1990,B,R,27,69,69,26,0,111,16,50,2,2,93,436,507,3,62,43255972,lahaibr01,Bryan,LaHair,1B,2012,2010,L,R,30,55,39,17,0,88,16,40,0,1,124,340,379,3,42,44324598,driesda01,Dan,Driessen,1B,1980,1980,L,R,29,88,93,36,1,139,14,74,6,9,68,524,623,17,81,193237984,bottoji01,Jim,Bottomley,1B,1932,1930,L,L,32,62,25,16,3,92,11,48,1,0,32,311,337,0,45,23668468,pepitjo01,Joe,Pepitone,1B,1971,1970,L,L,31,92,24,19,4,131,16,61,4,3,41,427,455,8,50,12358178,reverda01,Dave,Revering,1B,1980,1980,L,R,27,68,32,21,5,109,15,62,0,2,37,376,408,6,48,16999736,daubeja01,Jake,Daubert,1B,1922,1920,L,L,38,156,56,15,22,205,12,66,3,0,21,610,669,0,114,145216930,teixema01,Mark,Teixeira,1B,2012,2010,B,R,32,61,54,27,1,113,24,84,7,12,83,451,512,1,66,25201596,mcquige02,George,McQuinn,1B,1941,1940,L,L,31,97,74,28,4,147,18,80,0,0,30,495,569,0,93,53705926,giambja01,Jason,Giambi,1B,1997,1990,L,R,26,89,55,41,2,152,20,81,6,8,89,519,580,3,66,05241938,watsobo01,Bob,Watson,1B,1977,1970,R,R,31,94,57,38,6,160,22,110,7,4,69,554,618,11,77,55239416,hrbekke01,Kent,Hrbek,1B,1988,1980,L,R,28,103,67,31,0,159,25,76,0,7,54,510,577,7,75,04317346,troskha01,Hal,Trosky,1B,1938,1930,L,R,26,117,67,40,9,185,19,110,1,0,40,554,622,0,106,56924952,mcgrifr01,Fred,McGriff,1B,1992,1990,L,L,29,83,96,30,4,152,35,104,1,4,108,531,628,23,79,89916536,killeha01,Harmon,Killebrew,1B,1970,1970,R,R,34,81,128,20,1,143,41,113,2,8,84,527,657,23,96,07224556,fieldpr01,Prince,Fielder,1B,2007,2000,L,R,23,78,90,35,2,165,50,119,14,4,121,573,677,21,109,210066044,bagweje01,Jeff,Bagwell,1B,2000,2000,R,R,32,98,107,37,1,183,47,132,15,7,116,590,712,11,152,99352994,heltoto01,Todd,Helton,1B,2001,2000,L,L,28,92,98,54,2,197,49,146,5,5,104,587,690,15,132,713652466,mcgwima01,Mark,McGwire,1B,1999,1990,R,R,36,58,133,21,1,145,65,147,2,5,141,521,656,21,118,01069488,candaca01,Casey,Candaele,2B,1992,1990,B,R,31,54,24,12,1,68,1,18,3,6,36,320,347,3,19,71061982,schilch01,Chuck,Schilling,2B,1963,1960,R,R,26,102,41,25,0,135,8,33,5,1,72,576,622,0,63,3634984,critzhu01,Hughie,Critz,2B,1929,1920,R,R,29,78,27,17,9,105,1,50,0,0,21,425,452,0,55,91081428,miksied01,Eddie,Miksis,2B,1953,1950,R,R,27,114,33,17,6,145,8,39,1,0,59,577,611,0,61,13604456,fletcsc01,Scott,Fletcher,2B,1985,1980,R,R,27,66,35,8,1,77,2,31,0,1,47,301,336,0,38,51901628,beckegl01,Glenn,Beckert,2B,1970,1970,R,R,30,146,32,15,6,170,3,36,0,3,22,591,623,0,99,41576012,cissebi01,Bill,Cissell,2B,1934,1930,R,R,30,90,28,13,4,111,4,44,1,0,23,416,445,0,71,11604042,sogarer01,Eric,Sogard,2B,2013,2010,L,R,27,69,27,24,3,98,2,35,5,4,51,368,400,2,45,10613750,jimenda01,D'Angelo,Jimenez,2B,2002,2000,B,R,25,82,50,15,7,108,4,44,1,2,73,429,480,1,61,63465142,reynoha01,Harold,Reynolds,2B,1993,1990,B,R,33,94,66,20,4,122,4,47,4,5,47,485,555,3,64,121311282,knoopbo01,Bobby,Knoop,2B,1965,1960,R,R,27,90,31,24,4,125,7,43,0,2,101,465,496,5,47,32304842,cabrejo02,Jolbert,Cabrera,2B,2004,2000,R,R,32,70,16,19,2,97,6,47,8,5,70,359,383,1,38,101567832,castijo02,Jose,Castillo,2B,2006,2000,R,R,25,92,32,25,0,131,14,65,5,6,98,518,555,8,54,6832818,vazqura01,Ramon,Vazquez,2B,2002,2000,L,R,26,88,45,21,5,116,2,32,1,2,79,423,469,3,50,72776254,murtada01,Danny,Murtaugh,2B,1948,1940,R,R,31,122,60,21,5,149,1,71,1,0,40,514,575,0,56,101314160,sakatle01,Lenn,Sakata,2B,1982,1980,R,R,28,64,30,18,1,89,6,31,4,4,39,343,377,2,40,7835110,martist01,Stu,Martin,2B,1939,1930,L,R,27,78,33,26,7,114,3,30,3,0,40,425,461,0,60,42756696,stirnsn01,Snuffy,Stirnweiss,2B,1947,1940,R,R,29,115,89,18,8,146,5,41,2,0,47,571,662,0,102,51887266,maciajo01,Jose,Macias,2B,2001,2000,B,R,29,93,32,24,6,131,8,51,3,3,54,488,523,0,62,211871908,fontemi01,Mike,Fontenot,2B,2009,2000,L,R,29,56,35,22,2,89,9,43,2,5,83,377,414,4,38,41323770,barrema02,Marty,Barrett,2B,1984,1980,R,R,26,115,42,23,3,144,3,45,1,4,25,475,518,2,56,53479612,youngra01,Ralph,Young,2B,1921,1920,B,R,33,109,69,8,3,120,0,29,3,0,23,401,473,0,70,11861536,liriane01,Nelson,Liriano,2B,1989,1980,B,R,25,76,43,26,3,110,5,53,2,5,51,418,463,0,51,16853744,altuvjo01,Jose,Altuve,2B,2012,2010,R,R,22,122,40,34,4,167,7,37,6,4,74,576,622,0,80,332759156,bejmaol01,Ollie,Bejma,2B,1939,1930,R,R,32,57,36,9,3,77,8,44,1,0,27,307,344,0,52,12285324,kipnija01,Jason,Kipnis,2B,2012,2010,L,R,25,112,67,22,4,152,14,76,5,6,109,591,663,2,86,311575220,mccoybe01,Benny,McCoy,2B,1940,1940,L,R,25,88,65,26,5,126,7,62,1,0,44,490,556,0,56,21578216,germaes01,Esteban,German,2B,2007,2000,R,R,29,67,43,15,6,92,4,37,5,3,60,348,396,0,49,114870678,garneph01,Phil,Garner,2B,1986,1980,R,R,37,57,30,14,3,83,9,41,1,3,45,313,344,2,43,122812070,parkifr01,Frank,Parkinson,2B,1922,1920,R,R,27,111,55,18,6,150,15,70,2,0,93,545,602,0,86,32326448,backmwa01,Wally,Backman,2B,1990,1990,B,R,31,66,42,21,3,92,2,28,1,3,53,315,358,1,62,64970384,scutama01,Marco,Scutaro,2B,2011,2010,R,R,36,84,38,26,1,118,7,54,1,4,36,395,434,1,59,41316218,mercejo03,Jordy,Mercer,2B,2013,2010,R,R,27,63,22,22,2,95,8,27,4,1,62,333,359,6,33,31869326,sizemsc01,Scott,Sizemore,2B,2011,2010,R,R,26,56,53,22,1,90,11,56,2,1,112,368,423,0,50,54917516,priddje01,Jerry,Priddy,2B,1950,1950,R,R,31,126,95,26,6,171,13,75,3,0,95,618,716,0,104,21084232,willidi01,Dib,Williams,2B,1933,1930,R,R,23,82,32,20,5,118,11,73,1,0,35,408,441,0,52,12334756,bransje01,Jeff,Branson,2B,1995,1990,L,R,28,54,44,18,2,86,12,45,2,6,69,331,377,14,43,27654406,gehrich01,Charlie,Gehringer,2B,1940,1940,L,R,37,115,101,33,3,161,10,81,3,0,17,515,619,0,108,103472036,grababi01,Billy,Grabarkewitz,2B,1970,1970,R,R,24,108,95,20,8,153,17,84,6,7,149,529,630,8,92,194963550,schoere01,Red,Schoendienst,2B,1953,1950,B,R,30,138,60,35,5,193,15,79,0,0,23,564,624,0,107,33484114,glavito01,Tommy,Glaviano,2B,1950,1950,R,R,27,75,90,29,2,117,11,44,6,0,74,410,506,0,92,67044412,whitalo01,Lou,Whitaker,2B,1991,1990,L,R,34,80,90,26,2,131,23,78,2,8,45,470,562,6,94,47586418,johnsda02,Davey,Johnson,2B,1973,1970,R,R,30,83,81,25,0,151,43,99,9,2,93,559,649,9,84,58513370,hornsro01,Rogers,Hornsby,2B,1925,1920,R,R,29,113,83,41,10,203,39,143,2,0,39,504,589,0,133,5636424,warneja01,Jack,Warner,3B,1933,1930,R,R,30,60,28,15,1,76,0,22,1,0,33,340,369,0,31,11064074,laboyco01,Coco,Laboy,3B,1970,1970,R,R,30,54,31,26,1,86,5,53,2,4,81,432,465,5,37,01741920,marriwi01,William,Marriott,3B,1925,1920,L,R,32,88,28,9,1,99,1,40,2,0,26,370,400,0,37,32109628,orourfr01,Frank,O'Rourke,3B,1926,1920,R,R,33,70,35,16,1,88,1,41,7,0,33,363,405,0,43,82123540,mcgehca01,Casey,McGehee,3B,2011,2010,R,R,29,83,45,24,2,122,13,67,1,8,104,546,592,4,46,0589668,careyan01,Andy,Carey,3B,1956,1950,R,R,25,73,45,18,2,100,7,50,2,5,53,422,469,4,54,91383306,beckcl01,Clyde,Beck,3B,1928,1920,R,R,28,99,58,18,4,124,3,52,4,0,58,483,545,0,72,31110622,dealch01,Charlie,Deal,3B,1921,1920,R,R,30,92,13,19,8,122,3,66,0,0,9,422,435,0,52,32116190,dyckji01,Jim,Dyck,3B,1953,1950,R,R,31,46,38,15,1,71,9,27,3,0,40,334,375,0,38,31757824,menkede01,Denis,Menke,3B,1968,1960,R,R,28,100,64,23,6,135,6,56,6,2,81,542,612,6,56,52771094,stripjo01,Joe,Stripp,3B,1936,1930,R,R,33,106,22,31,1,139,1,60,1,0,12,439,462,0,51,22452746,callaal01,Alberto,Callaspo,3B,2012,2010,B,R,29,85,56,20,0,115,10,53,0,4,59,457,513,1,55,41719826,hattogr01,Grady,Hatton,3B,1948,1940,L,R,26,82,72,17,2,110,9,44,0,0,50,458,530,0,58,73220140,fosteed02,Eddie,Foster,3B,1921,1920,R,R,34,93,57,18,6,117,0,35,0,0,15,412,469,0,51,132433408,blairbu01,Buddy,Blair,3B,1942,1940,L,R,32,96,30,26,8,135,5,66,3,0,30,484,517,0,48,11729992,dominma01,Matt,Dominguez,3B,2013,2010,R,R,24,85,30,25,0,131,21,77,7,7,96,543,580,1,56,0640834,lawribr01,Brett,Lawrie,3B,2012,2010,R,R,22,95,33,26,3,135,11,48,5,2,86,494,532,0,73,132778094,knighra01,Ray,Knight,3B,1982,1980,R,R,30,131,48,36,6,179,6,70,5,13,58,609,662,9,72,22808856,prothdo01,Doc,Prothro,3B,1925,1920,R,R,32,104,52,23,3,130,0,51,0,0,21,415,467,0,44,91399804,brookto01,Tom,Brookens,3B,1980,1980,R,R,27,96,32,25,9,140,10,66,1,7,71,509,542,3,64,131405508,oconnda02,Danny,O'Connell,3B,1953,1950,R,R,24,132,57,26,8,173,7,55,4,0,42,588,649,0,88,31091836,middlwi01,Will,Middlebrooks,3B,2013,2010,R,R,25,44,20,18,0,79,17,49,2,3,98,348,370,3,41,33197466,yosted01,Eddie,Yost,3B,1957,1950,R,R,31,77,73,13,5,104,9,38,5,0,49,414,492,2,47,15760924,robinbr01,Brooks,Robinson,3B,1971,1970,R,R,34,118,63,21,1,160,20,92,3,7,50,589,655,8,67,02788824,howelja02,Jack,Howell,3B,1989,1980,L,R,28,65,52,19,4,108,20,52,3,1,125,474,529,9,56,01071312,brownch02,Chris,Brown,3B,1986,1980,R,R,25,106,33,16,3,132,7,49,9,5,43,416,458,4,57,131411250,adamsbo03,Bobby,Adams,3B,1950,1950,R,R,29,66,43,21,8,98,3,25,0,0,29,348,391,0,57,7589436,nagelbi01,Bill,Nagel,3B,1939,1930,R,R,24,51,25,19,4,86,12,39,2,0,86,341,368,0,39,22453886,foyjo01,Joe,Foy,3B,1966,1960,R,R,23,99,91,23,8,145,15,63,2,6,80,554,647,2,97,25699990,matheed01,Eddie,Mathews,3B,1964,1960,L,R,33,74,85,19,1,117,23,74,1,2,100,502,588,5,83,22113880,lewisbu01,Buddy,Lewis,3B,1940,1940,L,R,24,136,74,38,10,190,6,63,1,0,36,600,675,0,101,154185886,meltobi01,Bill,Melton,3B,1973,1970,R,R,28,105,75,29,1,155,20,87,2,3,66,560,637,7,83,44125516,johnsho01,Howard,Johnson,3B,1988,1980,B,R,28,68,86,21,1,114,24,68,3,8,104,495,584,25,85,233267478,lambmi01,Mike,Lamb,3B,2006,2000,L,R,31,80,35,22,3,117,12,45,0,5,55,381,416,6,70,22431870,serenbi01,Bill,Serena,3B,1952,1950,R,R,28,66,39,21,5,107,15,61,3,0,83,390,432,0,49,14068004,mullira01,Rance,Mulliniks,3B,1988,1980,L,R,32,67,56,21,1,101,12,48,0,4,57,337,393,3,49,15413480,rolfere01,Red,Rolfe,3B,1939,1930,L,R,31,143,81,46,10,213,14,80,1,0,41,648,730,0,139,75630686,palmede01,Dean,Palmer,3B,1998,1990,R,R,30,96,48,27,2,159,34,119,6,13,134,572,626,3,84,83218714,hornebo01,Bob,Horner,3B,1980,1980,R,R,23,74,27,14,1,124,35,89,1,4,50,463,491,3,81,34062844,chaveer01,Eric,Chavez,3B,2001,2000,L,R,24,84,41,43,0,159,32,114,4,7,99,552,597,9,91,87274654,venturo01,Robin,Ventura,3B,1999,1990,L,R,32,107,74,38,0,177,32,120,3,5,109,588,665,10,88,17004464,morame01,Melvin,Mora,3B,2004,2000,R,R,32,119,66,41,0,187,27,104,11,3,95,550,627,0,111,117779338,castivi02,Vinny,Castilla,3B,1998,1990,R,R,31,128,40,28,4,206,46,144,6,6,89,645,691,7,108,57089748,evansda01,Darrell,Evans,3B,1973,1970,L,R,26,93,124,25,8,167,41,104,3,8,104,595,722,8,114,6977706,milleot01,Otto,Miller,C,1920,1920,R,R,31,76,9,9,2,87,0,33,1,0,18,301,311,0,16,0633614,moellch01,Chad,Moeller,C,2004,2000,R,R,29,47,21,13,1,66,5,27,4,1,74,317,342,1,25,0618412,casanpa01,Paul,Casanova,C,1970,1970,R,R,29,49,10,17,3,75,6,30,1,4,47,328,339,2,25,02704332,sanguma01,Manny,Sanguillen,C,1977,1970,R,R,33,129,22,17,5,157,6,58,2,4,35,571,595,4,42,2970058,bertedi01,Dick,Bertell,C,1964,1960,R,R,29,66,33,11,3,84,4,35,2,2,67,353,388,8,29,21187316,herrmed01,Ed,Herrmann,C,1974,1970,L,R,28,71,16,13,1,95,10,39,0,3,49,367,383,6,32,11855706,pagnoto01,Tom,Pagnozzi,C,1993,1990,R,R,31,62,19,15,1,85,7,41,1,5,30,330,350,6,31,1621102,leyriji01,Jim,Leyritz,C,1990,1990,R,R,27,59,27,13,1,78,5,25,7,1,51,303,337,1,28,22693138,smithha08,Hal,Smith,C,1962,1960,R,R,32,55,24,14,0,81,12,35,2,3,55,345,371,1,32,03160070,gonzami01,Mike,Gonzalez,C,1924,1920,R,R,34,88,24,27,1,119,3,53,1,0,22,402,427,0,34,11867986,slaugdo01,Don,Slaught,C,1989,1980,R,R,31,59,30,21,3,88,5,38,5,5,57,350,385,3,34,1958212,kendafr01,Fred,Kendall,C,1973,1970,R,R,24,108,30,22,3,143,10,59,1,5,35,507,538,4,39,31230594,hemslro01,Rollie,Hemsley,C,1935,1930,R,R,28,107,44,32,7,146,0,48,2,0,41,504,550,0,57,32211130,hundlni01,Nick,Hundley,C,2013,2010,R,R,30,55,26,19,0,87,13,44,5,3,98,373,404,5,35,11498298,davisbe01,Ben,Davis,C,2001,2000,B,R,24,76,66,20,0,107,11,57,4,7,112,448,518,5,56,41496408,lairdge01,Gerald,Laird,C,2008,2000,R,R,29,65,23,24,0,95,6,41,6,4,63,344,373,2,54,22271234,hendrel01,Elrod,Hendricks,C,1970,1970,L,R,30,57,33,9,0,78,12,41,4,4,44,322,359,4,32,11857160,clemove01,Verne,Clemons,C,1921,1920,R,R,30,89,33,16,2,109,2,48,0,0,17,341,374,0,29,02201822,healyfr02,Fran,Healy,C,1974,1970,R,R,28,77,62,24,2,112,9,53,1,2,73,445,508,1,59,163684788,rosebjo01,John,Roseboro,C,1966,1960,L,R,33,89,44,23,2,123,9,53,3,4,51,445,492,13,47,31244728,schnebr01,Brian,Schneider,C,2003,2000,L,R,27,41,37,26,1,77,9,46,2,2,75,335,374,8,34,0633026,goochjo01,Johnny,Gooch,C,1922,1920,B,R,25,97,39,15,3,116,1,42,5,0,15,353,397,0,45,11477828,jasojo01,John,Jaso,C,2010,2010,L,R,27,63,59,18,3,89,5,44,2,3,39,339,400,1,57,44671104,molinbe01,Bengie,Molina,C,2008,2000,R,R,34,106,19,33,0,155,16,95,9,11,38,530,558,5,46,03141034,munsoth01,Thurman,Munson,C,1975,1970,R,R,28,151,45,24,3,190,12,102,6,10,52,597,648,8,83,33611000,stinsbo01,Bob,Stinson,C,1978,1970,B,R,33,66,45,14,3,94,11,55,6,4,42,364,415,1,46,21849266,johnsbr01,Brian,Johnson,C,1997,1990,R,R,29,54,19,13,3,83,13,45,2,4,45,318,339,8,32,11483626,hogansh01,Shanty,Hogan,C,1931,1930,R,R,25,89,29,17,1,119,12,65,4,0,29,396,429,0,42,1956412,russejo02,John,Russell,C,1986,1980,R,R,25,40,25,21,2,76,13,60,3,4,103,315,343,2,35,04945322,berrayo01,Yogi,Berra,C,1957,1950,L,R,32,81,57,14,2,121,24,82,1,4,24,482,540,10,74,11232398,kendaja01,Jason,Kendall,C,1997,1990,R,R,23,95,49,36,4,143,8,49,31,5,53,486,566,2,71,182703542,barremi01,Michael,Barrett,C,2004,2000,R,R,28,77,33,32,6,131,16,65,5,8,64,456,494,4,55,12190908,orsinjo01,John,Orsino,C,1963,1960,R,R,25,65,38,18,1,103,19,56,9,4,53,379,426,6,53,22715142,cochrmi01,Mickey,Cochrane,C,1929,1920,L,R,26,118,69,37,8,170,7,95,2,0,8,514,585,0,113,74992710,burgesm01,Smoky,Burgess,C,1962,1960,L,R,35,84,31,19,2,118,13,61,0,6,19,360,391,9,38,03131096,fletcda01,Darrin,Fletcher,C,1997,1990,L,R,31,48,17,20,1,86,17,55,5,2,35,310,332,3,39,14718516,molinya01,Yadier,Molina,C,2012,2010,R,R,30,109,45,28,0,159,22,76,5,5,55,505,555,4,65,123734126,simsdu01,Duke,Sims,C,1970,1970,L,R,29,56,46,12,0,91,23,56,6,0,59,345,397,1,46,03122728,sotoge01,Geovany,Soto,C,2010,2010,R,R,27,54,62,19,0,90,17,53,0,3,83,322,384,4,47,07156710,piazzmi01,Mike,Piazza,C,2002,2000,R,R,34,76,57,23,2,134,33,98,3,3,82,478,538,9,69,07040012,posadjo01,Jorge,Posada,C,2003,2000,B,R,32,81,93,24,0,135,30,101,10,4,110,481,584,6,83,23694502,baileed01,Ed,Bailey,C,1956,1950,L,R,25,77,52,8,2,115,28,75,3,4,50,383,438,11,59,28185264,tettlmi01,Mickey,Tettleton,C,1995,1990,B,R,35,50,107,19,1,102,32,78,7,3,110,429,543,5,76,07423546,camparo01,Roy,Campanella,C,1955,1950,R,R,34,89,56,20,1,142,32,107,6,9,41,446,508,9,81,2851370,polonlu01,Luis,Polonia,DH,1992,1990,L,L,29,144,45,17,4,165,0,35,1,4,64,577,623,6,83,511311728,pagemi02,Mitchell,Page,DH,1979,1970,L,R,28,96,52,11,2,118,9,42,3,3,93,478,533,5,51,17766462,norwowi01,Willie,Norwood,DH,1978,1970,R,R,28,76,28,22,3,109,8,46,3,6,64,428,459,0,56,251418330,adamsgl01,Glenn,Adams,DH,1978,1970,L,R,31,54,17,18,1,80,7,35,0,0,32,310,327,0,27,0961858,downibr01,Brian,Downing,DH,1975,1970,R,R,25,81,76,12,1,101,7,41,3,6,75,420,499,5,58,131727372,reimeke01,Kevin,Reimer,DH,1993,1990,L,R,29,73,30,22,1,109,13,60,5,4,72,437,472,4,53,5928300,youngmi01,Mike,Young,DH,1986,1980,B,R,26,68,49,15,1,93,9,42,3,3,90,369,421,2,43,3500884,bushra01,Randy,Bush,DH,1984,1980,L,L,26,40,31,17,1,69,11,43,4,10,60,311,346,6,46,12648794,spencsh01,Shane,Spencer,DH,2003,2000,R,R,31,67,45,20,0,99,12,49,3,5,92,395,443,0,39,22044650,kieltbo01,Bobby,Kielty,DH,2005,2000,B,R,29,69,50,20,0,99,10,57,2,2,67,377,429,3,55,32535252,jahajo01,John,Jaha,DH,1993,1990,R,R,27,96,51,21,0,136,19,70,8,4,109,515,574,4,78,132813798,vaughgr01,Greg,Vaughn,DH,1995,1990,R,R,30,51,55,19,1,88,17,59,0,4,89,392,447,3,67,102983976,kittlro01,Ron,Kittle,DH,1990,1990,R,R,32,44,26,16,0,78,18,46,4,1,91,338,368,2,33,0982828,howelro02,Roy,Howell,DH,1977,1970,L,R,24,87,44,17,1,115,10,44,1,2,80,381,426,2,41,42913254,tablepa01,Pat,Tabler,DH,1987,1980,R,R,29,122,51,34,3,170,11,86,6,5,84,553,610,6,66,53326292,ortajo01,Jorge,Orta,DH,1984,1980,L,R,34,81,28,23,7,120,9,50,2,4,39,403,433,8,50,0598932,baylodo01,Don,Baylor,DH,1973,1970,R,R,24,81,35,20,4,116,11,51,13,6,48,405,453,3,64,321331268,browebo01,Bob,Brower,DH,1987,1980,R,R,27,52,36,10,3,79,14,46,0,1,66,303,339,0,63,152214094,hattesc01,Scott,Hatteberg,DH,1998,1990,L,R,29,63,43,23,1,99,12,43,5,3,58,359,407,3,46,07890146,molitpa01,Paul,Molitor,DH,1996,1990,R,R,40,167,56,41,8,225,9,113,3,9,72,660,719,10,99,182459256,catalfr01,Frank,Catalanotto,DH,2003,2000,L,R,29,93,35,34,6,146,13,59,6,3,62,489,530,1,83,23750436,mcraeha01,Hal,McRae,DH,1979,1970,R,R,34,67,38,32,4,113,10,74,4,7,46,393,435,0,55,53906448,trammbu01,Bubba,Trammell,DH,2001,2000,R,R,30,80,48,20,3,128,25,92,4,4,78,490,542,2,66,23969374,belleal01,Albert,Belle,DH,1992,1990,R,R,26,94,52,23,1,152,34,112,4,8,128,585,641,5,81,82489902,quinnma01,Mark,Quinn,DH,2000,2000,R,R,26,92,35,33,2,147,20,78,3,3,91,500,538,1,76,55397578,francju01,Julio,Franco,DH,1991,1990,R,R,33,156,65,27,3,201,15,78,3,2,78,589,657,8,108,363526330,hafnetr01,Travis,Hafner,DH,2009,2000,L,R,32,57,41,19,0,92,16,49,3,1,67,338,382,6,46,03335718,jacksbo01,Bo,Jackson,DH,1989,1980,R,R,27,79,39,15,6,132,32,105,3,4,172,515,557,8,86,262309896,giambje01,Jeremy,Giambi,DH,2001,2000,L,L,27,67,63,26,0,105,12,57,4,2,83,371,438,1,64,02489612,garkory01,Ryan,Garko,DH,2007,2000,R,R,26,89,34,29,1,140,21,61,20,3,94,484,538,1,62,02697786,charbjo01,Joe,Charboneau,DH,1980,1980,R,R,25,89,49,17,2,131,23,87,3,6,70,453,505,0,76,23879640,sweenmi01,Mike,Sweeney,DH,2004,2000,R,R,31,73,33,23,0,118,22,79,6,2,44,411,450,9,56,34788564,guillca01,Carlos,Guillen,DH,2007,2000,B,R,32,102,55,35,9,167,21,102,3,8,93,564,622,10,86,131248114,blombro01,Ron,Blomberg,DH,1973,1970,L,R,25,73,34,13,1,99,12,57,0,2,25,301,335,4,45,23461596,velezot01,Otto,Velez,DH,1980,1980,R,R,30,61,54,12,3,96,20,62,2,4,86,357,413,8,54,03738192,yountro01,Robin,Yount,DH,1983,1980,R,R,28,109,72,42,10,178,17,80,3,8,58,578,653,6,102,122703682,hornsa01,Sam,Horn,DH,1991,1990,L,L,28,35,41,16,0,74,23,61,3,1,99,317,361,4,45,04898272,stanlmi02,Mike,Stanley,DH,1997,1990,R,R,34,62,54,25,0,103,16,65,6,8,72,347,407,4,61,03714866,baineha01,Harold,Baines,DH,1984,1980,L,L,25,106,54,28,10,173,29,94,0,5,75,569,623,9,72,15893758,higgibo02,Bobby,Higginson,DH,2000,2000,L,R,30,101,74,44,4,179,30,102,2,3,99,597,673,6,104,155323224,nevinph01,Phil,Nevin,DH,2000,2000,R,R,29,97,59,34,1,163,31,107,4,4,121,538,601,9,87,24308324,sheetla01,Larry,Sheets,DH,1987,1980,L,R,28,94,31,23,0,148,31,94,3,5,67,469,503,1,74,15424348,thomeji01,Jim,Thome,DH,1998,1990,L,R,28,63,89,34,2,129,30,85,4,4,141,440,533,8,89,18130238,martied01,Edgar,Martinez,DH,1996,1990,R,R,33,83,123,52,2,163,26,103,8,4,84,499,630,12,121,37851908,thomafr04,Frank,Thomas,DH,1996,1990,R,R,28,118,109,26,0,184,40,134,5,8,70,527,641,26,110,11574322,blairpa01,Paul,Blair,OF,1976,1970,R,R,32,55,22,16,0,74,3,16,2,1,49,375,399,2,29,151507318,busbyji01,Jim,Busby,OF,1957,1950,R,R,30,67,24,12,2,86,5,23,0,2,44,362,386,0,40,6698180,evansjo01,Joe,Evans,OF,1923,1920,R,R,28,80,27,15,3,98,0,38,0,0,18,372,399,0,42,61532356,garrifo01,Ford,Garrison,OF,1944,1940,R,R,29,111,28,16,2,133,4,39,2,0,44,498,528,0,63,102399980,lewisdu01,Duffy,Lewis,OF,1920,1920,R,R,32,86,24,8,1,99,4,61,2,0,32,365,391,0,34,22856634,staintu01,Tuck,Stainback,OF,1945,1940,R,R,34,65,13,12,2,84,5,32,2,0,20,327,342,0,40,01165498,simpsjo01,Joe,Simpson,OF,1980,1980,L,L,29,70,28,15,3,91,3,34,1,3,43,365,394,3,42,171140000,mcgheed01,Ed,McGhee,OF,1953,1950,R,R,29,78,32,11,4,94,1,29,3,0,43,358,393,0,36,4709168,davisbr02,Brock,Davis,OF,1971,1970,L,L,28,65,35,7,5,77,0,28,2,2,34,301,338,0,22,01504266,tuttlbi01,Bill,Tuttle,OF,1957,1950,R,R,28,92,44,12,4,113,5,47,1,4,41,451,496,4,49,2710824,coangi01,Gil,Coan,OF,1948,1940,L,R,26,90,41,13,9,119,7,60,7,0,78,513,561,0,56,231537144,gleesji01,Jim,Gleeson,OF,1941,1940,B,R,29,57,45,10,0,70,3,34,4,0,30,301,350,0,47,7705984,zupcibo01,Bob,Zupcic,OF,1992,1990,R,R,26,85,25,19,1,108,3,43,4,4,60,392,421,1,46,2721154,flagsir01,Ira,Flagstead,OF,1920,1920,R,R,27,52,37,13,5,73,3,35,1,0,27,311,349,0,40,3701570,reedje03,Jeremy,Reed,OF,2005,2000,L,L,24,85,48,33,3,124,3,45,2,2,74,488,538,1,61,121936336,kirbywa01,Wayne,Kirby,OF,1993,1990,L,R,29,93,37,19,5,123,6,60,3,6,58,458,498,2,71,172385094,haasmu01,Mule,Haas,OF,1934,1930,L,R,31,73,47,16,3,94,2,22,0,0,22,351,398,0,54,1707942,waltoje01,Jerome,Walton,OF,1989,1980,R,R,24,108,27,23,3,139,5,46,6,5,77,475,508,1,64,242404968,cramedo01,Doc,Cramer,OF,1933,1930,L,R,28,152,36,27,8,195,8,75,0,0,24,661,697,0,109,53997958,collish01,Shano,Collins,OF,1921,1920,R,R,36,110,18,29,12,155,4,69,4,0,38,542,564,0,63,152407468,peppera01,Ray,Pepper,OF,1934,1930,R,R,29,131,29,24,6,168,7,101,1,0,67,564,594,0,71,1701504,officro01,Rowland,Office,OF,1976,1970,L,L,24,79,37,17,1,101,4,34,2,4,49,359,398,3,51,21931946,mcbrito01,Tom,McBride,OF,1945,1940,R,R,31,86,26,11,7,105,1,47,0,0,17,344,370,0,38,23405966,wyrosjo01,Johnny,Wyrostek,OF,1952,1950,L,R,33,88,62,17,6,113,2,47,1,0,33,427,490,0,57,23984754,brownem01,Emil,Brown,OF,2008,2000,R,R,34,69,27,14,2,98,13,59,5,4,65,402,434,2,48,41149834,jonesru01,Ruppert,Jones,OF,1981,1980,L,L,26,60,43,34,1,99,4,39,0,7,66,397,440,2,53,76344902,lacyle01,Lee,Lacy,OF,1986,1980,R,R,38,112,37,18,0,141,11,47,0,5,71,491,528,2,77,44784940,martida01,Dave,Martinez,OF,2000,2000,L,L,36,96,50,19,5,125,5,47,2,3,73,457,509,3,60,82381214,lummi01,Mike,Lum,OF,1974,1970,L,L,29,60,45,11,2,84,11,50,2,3,49,361,408,12,50,01163538,barnaba01,Babe,Barna,OF,1942,1940,L,R,27,64,38,8,7,85,6,58,0,0,48,331,369,0,39,34005998,chapmsa01,Sam,Chapman,OF,1947,1940,R,R,31,102,65,18,5,139,14,83,0,0,70,551,616,0,84,31937410,morgany01,Nyjer,Morgan,OF,2009,2000,L,L,29,119,40,15,7,144,3,39,9,5,74,469,518,2,74,421954206,sheripa01,Pat,Sheridan,OF,1984,1980,L,R,27,100,41,24,4,136,8,53,1,3,91,481,523,3,64,192867358,brookhu01,Hubie,Brooks,OF,1985,1980,R,R,29,109,34,34,7,163,13,100,5,8,79,605,644,6,67,62890506,rivermi01,Mickey,Rivers,OF,1979,1970,L,L,31,112,22,27,8,156,9,50,2,8,39,533,557,2,72,101157622,sandede02,Deion,Sanders,OF,1995,1990,L,L,28,67,27,11,8,92,6,28,4,2,60,343,374,0,48,244029384,jamiech01,Charlie,Jamieson,OF,1925,1920,L,L,32,132,72,24,5,165,4,42,3,0,26,557,632,0,109,141144422,watwojo01,Johnny,Watwood,OF,1931,1930,L,L,26,81,56,16,6,104,1,47,1,0,30,367,424,0,51,92385846,cowenal01,Al,Cowens,OF,1979,1970,R,R,28,118,40,18,7,152,9,73,3,7,44,516,559,4,69,102885990,hollida02,Damon,Hollins,OF,2005,2000,R,L,31,54,23,17,1,85,13,46,1,2,63,342,366,0,44,81932604,duncapa01,Pat,Duncan,OF,1921,1920,R,R,28,125,44,27,10,164,2,60,5,0,33,532,581,0,57,71533094,bigbeca01,Carson,Bigbee,OF,1921,1920,L,R,26,161,41,23,17,204,3,42,0,0,19,632,673,0,100,211964578,burtoel01,Ellis,Burton,OF,1963,1960,B,R,27,47,40,19,1,80,13,42,4,5,63,353,397,1,51,6706978,gionfal01,Al,Gionfriddo,OF,1945,1940,L,L,23,87,60,18,9,116,2,42,1,0,22,409,470,0,74,121170122,crawfwi01,Willie,Crawford,OF,1969,1960,L,L,23,63,49,17,5,96,11,41,0,0,85,389,438,3,64,41960820,postwa01,Wally,Post,OF,1954,1950,R,R,25,73,26,21,3,115,18,83,3,5,70,451,480,0,46,26513442,paskedo01,Dode,Paskert,OF,1920,1920,R,R,39,99,64,22,10,136,5,71,3,0,58,487,554,0,57,162903680,fredejo01,Johnny,Frederick,OF,1934,1930,L,L,32,66,33,20,1,91,4,35,3,0,13,307,343,0,51,43400060,rudijo01,Joe,Rudi,OF,1976,1970,R,R,30,87,41,32,3,135,13,94,3,10,71,500,544,10,54,63422938,nordhwa01,Wayne,Nordhagen,OF,1980,1980,R,R,32,74,10,22,4,115,15,59,1,2,45,415,426,3,45,03410982,willidi02,Dick,Williams,OF,1959,1950,R,R,30,80,28,33,1,130,16,75,5,6,60,488,521,1,72,44847260,willijo03,Josh,Willingham,OF,2013,2010,R,R,34,47,66,20,0,81,14,48,14,2,128,389,469,2,42,13410288,greenle01,Lenny,Green,OF,1961,1960,L,L,28,127,81,28,7,171,9,50,6,2,50,600,687,2,92,173430486,douthta01,Taylor,Douthit,OF,1930,1930,R,R,29,143,60,41,10,201,7,93,4,0,38,664,728,0,109,44780318,hamiljo03,Josh,Hamilton,OF,2013,2010,L,L,32,86,47,32,5,144,21,79,4,9,158,576,627,4,73,41527244,amorosa01,Sandy,Amoros,OF,1955,1950,L,L,25,63,55,16,7,96,10,51,6,4,45,388,449,5,59,102394128,bellde01,Derek,Bell,OF,1994,1990,R,R,26,101,29,20,0,135,14,54,1,2,88,434,464,5,54,242855372,moralje01,Jerry,Morales,OF,1977,1970,R,R,28,92,43,34,5,142,11,69,2,3,75,490,535,4,56,01152384,gallajo02,Joe,Gallagher,OF,1939,1930,R,R,25,54,20,17,3,85,11,49,2,0,50,307,329,0,49,11942288,hidalri01,Richard,Hidalgo,OF,1999,1990,R,R,24,45,56,25,2,87,15,56,4,5,73,383,443,2,49,86376500,leeca01,Carlos,Lee,OF,2011,2010,R,R,35,101,59,38,4,161,18,94,3,6,60,585,647,8,66,43427498,schiena01,Nate,Schierholtz,OF,2013,2010,L,R,29,60,29,32,3,116,21,68,6,5,94,462,497,3,56,62860982,koyer01,Ernie,Koy,OF,1938,1930,R,R,29,103,38,29,13,156,11,76,4,0,76,521,563,0,78,151143166,spande01,Denard,Span,OF,2008,2000,L,L,24,73,50,16,7,102,6,47,4,2,60,347,401,3,70,184029834,reddijo01,Josh,Reddick,OF,2012,2010,L,R,25,82,55,29,5,148,32,85,2,4,151,611,668,8,85,113409912,ferraal01,Al,Ferrara,OF,1969,1960,R,R,30,58,45,22,1,95,14,56,7,3,69,366,418,5,39,02400614,cedence01,Cesar,Cedeno,OF,1977,1970,R,R,26,90,47,36,8,148,14,71,11,8,50,530,588,7,92,614834182,hendeda01,Dave,Henderson,OF,1990,1990,R,R,32,74,40,28,0,122,20,63,1,2,105,450,491,1,65,32399582,rossch01,Chet,Ross,OF,1940,1940,R,R,23,106,59,23,14,160,17,89,3,0,127,569,631,0,84,43956712,navada01,Daniel,Nava,OF,2013,2010,B,L,30,98,51,29,0,139,12,66,15,8,93,458,524,2,77,03987538,whitero02,Rondell,White,OF,2005,2000,R,R,33,78,17,24,3,117,12,53,5,4,48,374,396,0,49,16343664,lynnfr01,Fred,Lynn,OF,1988,1980,L,L,36,56,33,14,1,96,25,56,1,6,82,391,425,1,46,23998814,colemed01,Ed,Coleman,OF,1934,1930,L,R,33,58,29,14,6,92,14,60,2,0,34,329,360,0,53,08870338,gonzalu01,Luis,Gonzalez,OF,2005,2000,L,R,38,96,78,37,0,157,24,79,11,4,90,579,668,12,90,41550880,barnere01,Red,Barnes,OF,1928,1920,L,R,25,84,55,22,15,127,6,51,4,0,38,417,476,0,82,71946594,hendest01,Steve,Henderson,OF,1977,1970,R,R,25,70,43,16,6,104,12,65,1,4,79,350,394,2,67,66370454,edmonji01,Jim,Edmonds,OF,2006,2000,L,L,36,53,53,18,0,90,19,70,0,5,101,350,403,7,52,43419388,laabsch01,Chet,Laabs,OF,1941,1940,R,R,29,65,51,23,6,109,15,59,0,0,59,392,443,0,64,52900374,fowlede01,Dexter,Fowler,OF,2012,2010,B,R,26,94,68,18,11,136,13,53,0,2,128,454,522,1,72,121526486,dudalu01,Lucas,Duda,OF,2011,2010,L,R,25,54,33,21,3,88,10,50,7,5,57,301,341,3,38,14836382,oneilpa01,Paul,O'Neill,OF,1993,1990,L,L,30,100,44,34,1,155,20,75,2,3,69,498,544,5,71,24824862,dobyla01,Larry,Doby,OF,1949,1940,L,R,26,101,91,25,3,153,24,85,7,0,90,547,645,0,106,106323958,robinbi02,Bill,Robinson,OF,1977,1970,R,R,34,95,25,32,1,154,26,104,3,5,92,507,535,3,74,123987784,chapmbe01,Ben,Chapman,OF,1938,1930,R,R,30,109,65,40,8,163,6,80,0,0,33,480,545,0,92,136477328,wellsve01,Vernon,Wells,OF,2010,2010,R,R,32,83,50,44,3,161,31,88,3,3,84,590,643,5,79,62859064,smithse01,Seth,Smith,OF,2009,2000,L,L,27,59,46,20,4,98,15,55,2,3,67,335,383,3,61,44818076,gantro01,Ron,Gant,OF,1990,1990,R,R,25,105,50,34,3,174,32,84,1,4,86,575,626,0,107,338869738,bicheda01,Dante,Bichette,OF,1999,1990,R,R,36,103,54,38,2,177,34,133,2,10,84,593,649,3,104,66438474,bergewa01,Wally,Berger,OF,1935,1930,R,R,30,97,50,39,4,174,34,130,4,0,80,589,643,0,91,34794334,sizemgr01,Grady,Sizemore,OF,2006,2000,L,L,24,98,78,53,11,190,28,76,13,4,153,655,746,8,134,226543252,irvinmo01,Monte,Irvin,OF,1953,1950,R,R,34,99,55,21,5,146,21,97,3,0,34,444,502,0,72,28824668,ibanera01,Raul,Ibanez,OF,2009,2000,L,R,37,67,56,32,3,136,34,93,4,5,119,500,560,8,93,48822830,mayswi01,Willie,Mays,OF,1966,1960,R,R,35,89,70,29,4,159,37,103,2,4,81,552,624,11,99,54850650,jenkige01,Geoff,Jenkins,OF,2000,2000,L,R,26,81,33,36,4,155,34,94,15,4,135,512,560,6,100,118745796,ordonma01,Magglio,Ordonez,OF,2007,2000,R,R,33,134,76,54,0,216,28,139,2,5,79,595,673,8,117,49606484,robinfr02,Frank,Robinson,OF,1966,1960,R,R,31,97,87,34,2,182,49,122,10,7,90,576,673,11,122,810838800,aaronha01,Hank,Aaron,OF,1973,1970,R,R,39,65,68,12,1,118,40,96,1,4,51,392,461,13,84,112853932,sosasa01,Sammy,Sosa,OF,2001,2000,R,R,33,86,116,34,5,189,64,160,6,12,153,577,699,37,146,013016488,willite01,Ted,Williams,OF,1957,1950,L,R,39,96,119,28,1,163,38,87,5,2,43,420,544,33,96,02125864,lillibo01,Bob,Lillis,SS,1963,1960,R,R,33,78,15,13,1,93,1,19,4,1,35,469,488,1,31,31009368,metzgro01,Roger,Metzger,SS,1972,1970,B,R,25,125,60,12,3,142,2,38,1,4,71,641,702,1,84,23647456,kozmape01,Pete,Kozma,SS,2013,2010,R,R,25,68,34,20,0,89,1,35,0,3,91,410,444,8,44,32469814,amaroru01,Ruben,Amaro,SS,1967,1960,R,R,31,80,43,12,0,93,1,17,1,0,49,417,461,4,31,31433268,thomaan01,Andres,Thomas,SS,1989,1980,R,R,26,87,12,18,0,118,13,57,0,4,62,554,566,3,41,31401246,garrigi01,Gil,Garrido,SS,1970,1970,R,R,29,87,15,5,4,97,1,19,0,4,16,367,382,3,38,0650898,kubekto01,Tony,Kubek,SS,1958,1950,L,R,23,124,25,21,1,148,2,48,1,4,57,559,585,3,66,5636686,reynocr01,Craig,Reynolds,SS,1977,1970,L,R,25,85,15,12,3,104,4,28,3,2,23,420,438,1,41,63261636,penaro01,Roberto,Pena,SS,1970,1970,R,R,33,90,28,20,1,114,3,45,2,4,49,474,504,4,40,4947974,blankla01,Larvell,Blanks,SS,1975,1970,R,R,25,91,38,13,3,110,3,38,2,3,43,471,511,1,49,41450434,crometr01,Tripp,Cromer,SS,1995,1990,R,R,28,54,14,19,0,78,5,18,4,5,66,345,363,2,36,02142060,nunezab01,Abraham,Nunez,SS,2006,2000,B,R,30,54,41,10,2,68,2,32,2,1,58,322,365,8,42,11800384,stranal01,Alan,Strange,SS,1934,1930,R,R,28,80,48,17,2,100,1,45,0,0,28,430,478,0,39,3972340,almonbi01,Bill,Almon,SS,1978,1970,R,R,26,81,33,19,2,102,0,21,0,1,74,405,438,10,39,172808622,quintom01,Omar,Quintanilla,SS,2013,2010,L,R,32,57,38,9,2,70,2,21,1,2,70,315,354,7,28,22818978,culledi01,Dick,Culler,SS,1945,1940,R,R,30,123,50,12,1,138,2,30,2,0,35,527,579,0,87,7631174,phillmi01,Mike,Phillips,SS,1975,1970,L,R,25,86,31,10,7,104,1,29,1,4,51,414,446,5,34,43315314,brinked01,Ed,Brinkman,SS,1973,1970,R,R,32,95,34,16,4,122,7,40,1,2,79,515,550,1,55,02812114,everead01,Adam,Everett,SS,2009,2000,R,R,32,58,22,21,0,82,3,44,4,4,61,345,371,0,43,52444266,torrehe01,Hector,Torres,SS,1975,1970,R,R,30,74,22,12,0,91,5,26,0,6,32,352,374,3,31,25312822,bancrda01,Dave,Bancroft,SS,1928,1920,B,R,37,103,59,19,5,127,0,51,2,0,20,515,576,0,47,72451572,fordho01,Hod,Ford,SS,1927,1920,R,R,30,93,33,16,2,112,1,46,2,0,34,409,444,0,45,01804810,andruel01,Elvis,Andrus,SS,2013,2010,R,R,25,143,52,17,4,168,4,67,4,6,97,620,676,1,91,421451910,riverlu01,Luis,Rivera,SS,1990,1990,R,R,26,51,25,20,0,78,7,45,1,1,58,346,372,0,38,45425588,conceda01,Dave,Concepcion,SS,1986,1980,R,R,38,63,26,13,2,81,3,30,0,4,43,311,337,1,42,131010374,trammal01,Alan,Trammell,SS,1981,1980,R,R,23,81,49,15,3,101,2,31,3,3,31,392,444,2,52,101773438,elsteke01,Kevin,Elster,SS,1989,1980,R,R,25,69,34,25,2,106,10,55,2,8,77,458,494,11,52,42436110,hockide01,Denny,Hocking,SS,1999,1990,B,R,29,76,22,18,2,103,7,41,3,6,54,386,411,1,47,114035484,koppejo01,Joe,Koppe,SS,1962,1960,R,R,32,65,73,16,0,85,4,40,2,5,84,375,450,3,47,22153976,mearepa01,Pat,Meares,SS,1996,1990,R,R,28,97,17,26,7,138,8,67,9,7,90,517,543,1,66,95592900,cabreor01,Orlando,Cabrera,SS,2008,2000,R,R,34,144,56,33,1,186,8,57,1,9,71,661,718,1,93,194163346,smithoz01,Ozzie,Smith,SS,1986,1980,B,R,32,121,79,19,4,144,0,54,2,3,27,514,595,13,67,315531890,fletcar01,Art,Fletcher,SS,1922,1920,R,R,37,79,21,20,5,111,7,53,5,0,14,396,422,0,46,31783884,stockke01,Kevin,Stocker,SS,1996,1990,B,R,26,67,43,22,6,100,5,41,8,4,89,394,445,9,46,64230226,haltesh01,Shane,Halter,SS,2002,2000,R,R,33,60,39,22,6,98,10,39,4,4,92,410,453,1,46,02132184,castrst01,Starlin,Castro,SS,2011,2010,R,R,21,152,35,36,9,207,10,66,2,4,96,674,711,2,91,222815390,milleed03,Eddie,Miller,SS,1940,1940,R,R,24,107,41,33,3,157,14,79,5,0,43,569,615,0,78,83316402,escobyu01,Yunel,Escobar,SS,2008,2000,R,R,26,112,59,24,2,148,10,60,5,2,62,514,578,4,71,23279826,holloch01,Charlie,Hollocher,SS,1922,1920,L,R,26,153,58,37,8,201,3,69,5,0,5,592,655,0,90,194252292,mcauldi01,Dick,McAuliffe,SS,1964,1960,L,R,25,85,77,18,7,134,24,66,3,3,96,557,637,8,85,88237868,jeterde01,Derek,Jeter,SS,2009,2000,R,R,35,166,72,27,1,212,18,66,5,1,90,634,711,4,107,307500056,cronijo01,Joe,Cronin,SS,1939,1930,R,R,33,105,87,33,3,160,19,107,0,0,48,520,607,0,97,68181868,ripkeca01,Cal,Ripken,SS,1999,1990,R,R,39,68,13,27,0,113,18,57,3,3,31,332,348,3,51,08624510,stephve01,Vern,Stephens,SS,1949,1940,R,R,29,105,101,31,2,177,39,159,0,0,73,610,711,0,113,2